{"cameraMode":{"drawMode":0,"name":"Shaded","section":"Shading Mode"},"sceneLighting":false,"audioPlay":false,"sceneViewState":{"m_AlwaysRefresh":false,"showFog":true,"showSkybox":false,"showFlares":true,"showImageEffects":true,"showParticleSystems":true,"showVisualEffectGraphs":true,"m_FxEnabled":true},"in2DMode":false,"pivot":{"x":-2.0183513164520265,"y":0.8637547492980957,"z":-4.625076770782471},"rotation":{"x":0.1863265484571457,"y":0.19792769849300385,"z":-0.038352396339178088,"w":0.9615833163261414},"size":29.074974060058595,"orthographic":true}