{"cameraMode":{"drawMode":0,"name":"Shaded","section":"Shading Mode"},"sceneLighting":true,"audioPlay":false,"sceneViewState":{"m_AlwaysRefresh":false,"showFog":true,"showSkybox":true,"showFlares":true,"showImageEffects":true,"showParticleSystems":true,"showVisualEffectGraphs":true,"m_FxEnabled":true},"in2DMode":false,"pivot":{"x":60.88911819458008,"y":20.029226303100587,"z":-4.653964519500732},"rotation":{"x":0.2915927767753601,"y":0.14373840391635896,"z":-0.04436389356851578,"w":0.9446536898612976},"size":59.096683502197269,"orthographic":false}