{"cameraMode":{"drawMode":0,"name":"Shaded","section":"Shading Mode"},"sceneLighting":false,"audioPlay":false,"sceneViewState":{"m_AlwaysRefresh":false,"showFog":true,"showSkybox":false,"showFlares":true,"showImageEffects":true,"showParticleSystems":true,"showVisualEffectGraphs":true,"m_FxEnabled":true},"in2DMode":false,"pivot":{"x":-0.06580585986375809,"y":-0.10407400876283646,"z":0.15031056106090547},"rotation":{"x":-0.0677575096487999,"y":0.0035888070706278087,"z":-0.00024353177286684513,"w":-0.9976992607116699},"size":1.2156929969787598,"orthographic":false}