{"cameraMode":{"drawMode":0,"name":"Shaded","section":"Shading Mode"},"sceneLighting":false,"audioPlay":false,"sceneViewState":{"m_AlwaysRefresh":false,"showFog":true,"showSkybox":false,"showFlares":true,"showImageEffects":true,"showParticleSystems":true,"showVisualEffectGraphs":true,"m_FxEnabled":true},"in2DMode":false,"pivot":{"x":-0.4002837538719177,"y":1.999999761581421,"z":-2.501710891723633},"rotation":{"x":0.29003629088401797,"y":-0.21670374274253846,"z":0.06760428845882416,"w":0.9297055602073669},"size":30.871328353881837,"orthographic":true}